-125,-937,156
-125,-906,156
-125,-937,156
-125,-968,125
-125,-968,125
-125,-968,125
-125,-968,125
-125,-968,125
-125,-968,125
-125,-968,125
-125,-968,93
-125,-968,93
-125,-1000,93
-125,-968,93
-93,-968,93
-125,-968,93
-125,-1000,93
-125,-968,93
-125,-1000,93
-125,-968,93
-125,-968,93
-125,-968,93
-125,-968,93
-125,-968,93
-125,-968,93
-125,-968,93
-125,-968,93
-125,-968,93
-125,-968,93
-125,-968,93
-125,-968,93
-125,-968,93
-125,-968,93
-125,-968,93
-125,-968,93
-125,-968,93
-125,-968,93
-125,-968,93
-125,-968,93
-125,-968,93
-125,-968,93
-125,-968,93
-125,-1000,93
-125,-968,93
-125,-968,93
-125,-1000,93
-125,-968,93
-125,-968,93
-125,-968,93
-125,-968,93
-125,-968,93
-125,-968,93
-125,-968,125
-125,-968,93
-125,-968,93
-125,-968,93
-125,-968,93
-125,-968,93
-125,-968,93
-125,-968,93
-125,-968,93
-125,-968,93
-125,-968,93
-125,-968,93
-125,-968,93
-125,-968,93
-125,-968,93
-125,-968,93
-125,-968,93
-125,-968,93
-125,-968,93
-125,-968,93
-125,-968,93
-125,-968,93
-125,-968,93
-125,-968,93
-125,-968,93
-125,-968,93
-125,-968,93
-125,-968,93
-125,-968,93
-125,-968,93
-125,-968,93
-125,-968,93
-125,-968,93
-125,-968,93
-125,-968,93
-125,-968,93
-125,-968,93
-125,-968,93
-125,-968,93
-125,-968,93
-125,-968,93
-125,-968,93
-125,-968,93
-125,-968,93
-125,-968,93
-125,-968,93
-125,-968,93
-125,-968,93
-125,-968,93
-125,-968,93
-125,-968,93
-125,-968,93
-125,-968,93
-125,-1000,93
-125,-968,93
-125,-968,93
-125,-968,93
-125,-968,93
-125,-968,93
-125,-968,93
-125,-968,93
-125,-968,93
-125,-968,125
-125,-968,93
-125,-968,93
-125,-968,125
-125,-968,93
-125,-968,93
-125,-968,93
-125,-968,93
-125,-968,93
-125,-968,125
-125,-968,93
-125,-968,93
-125,-968,93
-125,-968,93
-125,-968,93
-125,-968,93
-125,-968,93
-125,-968,93
-125,-968,125
-125,-968,93
-125,-968,93
-125,-968,93
-125,-968,93
-125,-968,93
-125,-968,125
-125,-968,93
-125,-968,93
-125,-968,93
-125,-968,93
-125,-968,93
-125,-968,93
-125,-968,93
-125,-968,93
-125,-968,93
-125,-968,93
-125,-968,93
-125,-968,93
-125,-968,93
-125,-968,93
-125,-968,93
-125,-968,93
-125,-968,93
-125,-968,93
-125,-968,93
-125,-968,93
-125,-968,93
-125,-968,93
-125,-968,93
-125,-968,93
-125,-968,93
-125,-968,93
-125,-968,93
-125,-968,93
-125,-968,93
-125,-968,93
-125,-968,93
-156,-968,93
-125,-968,93
-125,-968,93
-125,-968,93
-125,-968,93
-93,-1000,93
-125,-1000,93
-125,-968,93
-125,-1000,93
-93,-968,93
-125,-1000,93
-156,-968,93
-156,-968,93
-156,-968,93
-125,-968,93
-125,-968,93
-125,-968,125
-125,-968,125
-125,-937,125
-125,-968,93
-93,-968,93
-156,-968,93
-156,-968,62
-156,-968,62
-187,-1000,62
-187,-1000,62
-187,-968,62
-187,-968,62
-187,-968,62
-187,-968,62
-156,-968,62
-187,-968,93
-156,-968,62
-156,-968,62
-156,-1000,62
-156,-968,62
-156,-1000,62
-156,-968,62
-156,-1000,62
-156,-968,62
-156,-968,62
-156,-968,62
-156,-1000,62
-156,-1000,62
-156,-968,62
-156,-1000,62
-156,-968,62
-156,-968,62
-156,-968,62
-156,-968,62
-156,-1000,62
-156,-1000,62
-156,-1000,62
-156,-1000,62
-156,-968,62
-156,-968,62
-156,-1000,62
-156,-968,62
-156,-1000,62
-156,-1000,62
-156,-968,62
-156,-1000,62
-156,-968,31
-156,-1000,62
-156,-968,31
-156,-1000,62
-156,-968,62
-156,-1000,62
-156,-1000,62
-156,-1000,62
-156,-1000,62
-156,-968,62
-156,-1000,62
-125,-968,62
-125,-1000,62
-156,-968,62
-156,-1000,62
-156,-968,62
-156,-968,62
-156,-1000,31
-187,-968,31
-187,-968,62
-156,-1000,62
-156,-968,62
-187,-968,62
-156,-968,93
-156,-968,93
-156,-968,93
-125,-968,93
-125,-968,93
-125,-968,93
-125,-968,93
-125,-968,93
-125,-968,93
-156,-968,93
-156,-968,62
-156,-968,93
-156,-968,62
-125,-968,93
-125,-968,62
-125,-1000,93
-125,-1000,93
-125,-1000,93
-125,-1000,93
-125,-1000,62
-125,-968,62
-125,-1000,62
-125,-968,62
-125,-1000,62
-125,-1000,62
-125,-1000,62
-125,-968,62
-125,-1000,62
-125,-968,62
-125,-1000,62
-125,-968,62
-125,-1000,62
-125,-1000,62
-125,-968,62
-125,-1000,62
-125,-1000,62
-125,-1000,62
-125,-1000,62
-125,-1000,62
-125,-968,62
-125,-968,62
-125,-968,62
-125,-968,62
-125,-968,62
-125,-968,62
-125,-968,62
-125,-968,62
-125,-1000,62
-125,-1000,62
-125,-968,62
-125,-968,62
-125,-968,62
-125,-1000,62
-125,-1000,62
-125,-1000,62
-125,-1000,62
-125,-1000,62
-125,-1000,62
-125,-1000,62
-125,-1000,62
-125,-968,62
-156,-968,62
-156,-1000,62
-125,-968,62
-125,-1000,62
-125,-1000,62
-156,-1000,62
-125,-968,62
-125,-968,62
-125,-1000,62
-125,-968,62
-125,-968,62
-125,-968,62
-125,-968,62
-156,-968,62
-125,-968,62
-125,-968,62
-125,-968,62
-125,-968,62
-125,-1000,62
-156,-968,62
-125,-968,62
-125,-968,62
-156,-968,62
-156,-1000,62
-125,-1000,62
-125,-1000,62
-125,-968,62
-125,-968,62
-125,-1000,62
-125,-968,62
-125,-1000,62
-156,-968,62
-156,-1000,62
-125,-968,31
-125,-1000,62
-156,-1000,62
-156,-968,31
-156,-968,62
-156,-968,62
-156,-1000,62
-156,-968,62
-125,-968,62
-125,-1000,31
-125,-1000,31
-125,-1000,62
-125,-1000,31
-125,-1000,62
-125,-1000,31
-125,-1000,62
-125,-1000,62
-125,-1000,62
-93,-1000,62
-125,-968,62
-125,-1000,62
-125,-1000,62
-125,-1000,62
-125,-1000,31
-125,-1000,62
-125,-968,62
-125,-1000,62
-125,-1000,31
-125,-1000,62
-125,-1000,31
-125,-1000,31
-125,-1000,31
-125,-1000,62
-125,-1000,31
-125,-1000,31
-125,-1000,62
-125,-1000,62
-125,-1000,62
-125,-1000,62
-125,-968,62
-125,-968,62
-125,-1000,62
-125,-968,62
-125,-968,62
-125,-1000,62
-125,-1000,62
-125,-968,62
-125,-968,62
-125,-1000,62
-125,-1000,62
-125,-1000,31
-125,-1000,62
-125,-1000,62
-125,-1000,62
-125,-968,62
-125,-1000,62
-125,-1000,62
-125,-1000,31
-125,-1000,62
-125,-1000,62
-125,-1000,31
-156,-1000,31
-156,-1000,62
-125,-1000,62
-125,-1000,62
-156,-1000,62
-156,-1000,62
-156,-1000,62
-125,-968,62
-125,-968,93
-125,-937,125
-125,-937,156
-125,-968,125
-125,-968,156
-125,-937,187
-125,-937,125
-156,-968,125
-125,-968,125
-93,-968,156
-62,-968,125
-93,-968,156
-125,-968,125
-125,-968,125
-125,-968,125
-125,-968,125
-125,-968,125
-125,-968,125
-125,-937,125
-156,-968,125
-125,-968,125
-125,-968,125
-156,-968,125
-125,-968,125
-93,-937,125
-125,-968,93
-125,-968,125
-125,-968,93
-125,-968,62
-156,-968,93
-156,-968,62
-156,-968,62
-156,-968,62
-125,-968,62
-125,-1000,93
-156,-968,93
-125,-968,93
-125,-937,93
-125,-968,93
-156,-968,93
-156,-968,125
-156,-968,125
-156,-968,156
-125,-937,125
-156,-937,125
-156,-968,156
-125,-937,156
-125,-968,125
-125,-968,156
-125,-968,156
-125,-968,187
-125,-937,187
-125,-937,187
-125,-937,187
-125,-937,187
-125,-937,187
-125,-906,156
-125,-937,187
-125,-968,156
-125,-968,187
-156,-968,156
-156,-968,125
-187,-968,125
-156,-968,125
-156,-968,125
-156,-968,125
-187,-968,125
-156,-968,125
-156,-968,125
-156,-968,125
-187,-968,125
-156,-968,125
-156,-968,125
-156,-968,125
-156,-968,125
-156,-968,125
-156,-968,125
-156,-968,125
-156,-968,125
-156,-968,125
-156,-968,125
-156,-937,93
-156,-968,93
-156,-968,93
-125,-968,125
-125,-1000,125
-125,-968,125
-125,-968,93
-125,-968,125
-125,-968,125
-125,-968,125
-156,-968,93
-156,-968,93
-187,-968,125
-187,-968,62
-187,-968,62
-218,-968,62
-218,-968,62
-187,-968,62
-218,-968,62
-218,-1000,62
-187,-1000,93
-187,-968,62
-218,-1000,31
-218,-968,31
-187,-1000,31
-218,-968,31
-218,-1000,31
-187,-968,0
-187,-968,31
-187,-968,-31
-187,-1000,0
-187,-1000,0
-187,-1000,0
-187,-1000,31
-156,-1000,31
-125,-1000,0
-125,-1000,0
-125,-1000,31
-125,-1031,31
-125,-1000,62
-93,-1000,31
-93,-968,31
-93,-968,31
-93,-968,62
-93,-968,31
-93,-1000,62
-125,-1000,93
-125,-1000,93
-156,-1000,93
-156,-968,93
-156,-968,93
-125,-968,93
-156,-968,93
-156,-968,125
-156,-968,125
-156,-937,125
-125,-968,125
-125,-1000,125
-125,-1000,156
-156,-968,125
-156,-968,125
-156,-937,125
-156,-968,125
-187,-937,125
-156,-937,93
-156,-968,125
-156,-968,93
-125,-968,125
-125,-937,125
-156,-968,125
-187,-968,125
-156,-968,125
-156,-968,125
-125,-968,125
-156,-968,125
-156,-968,125
-156,-968,93
-156,-968,93
-156,-968,125
-125,-1000,125
-125,-968,93
-125,-968,125
-125,-968,125
-156,-968,125
-156,-968,93
-156,-968,93
-156,-968,93
-156,-968,93
-156,-968,93
-156,-968,93
-156,-968,93
-156,-968,125
-156,-968,93
-156,-968,93
-156,-968,93
-156,-968,93
-156,-968,93
-156,-968,93
-156,-968,125
-156,-968,125
-156,-968,93
-156,-968,125
-156,-968,93
-156,-968,93
-156,-968,93
-156,-968,93
-156,-968,125
-156,-968,125
-156,-968,125
-156,-968,125
-187,-968,93
-187,-968,93
-156,-968,93
-156,-968,93
-156,-968,93
-187,-968,93
-156,-968,93
-187,-968,93
-156,-968,93
-187,-968,93
-156,-968,93
-156,-968,93
-156,-968,93
-156,-968,93
-156,-968,93
-156,-968,93
-156,-968,93
-156,-968,93
-156,-968,125
-187,-968,93
-187,-968,125
-187,-968,93
-156,-968,93
-156,-968,93
-187,-968,93
-187,-968,93
-156,-968,93
-156,-968,93
-156,-968,93
-187,-968,125
-156,-968,93
-156,-968,93
-187,-968,93
-187,-968,93
-156,-968,93
-156,-968,93
-187,-968,125
-187,-968,125
-187,-968,125
-156,-968,93
-156,-968,93
-156,-968,93
-156,-968,125
-156,-968,125
-156,-968,125
-156,-968,125
-156,-968,125
-156,-968,125
-156,-968,125
-156,-968,125
-156,-968,125
-156,-968,125
-156,-937,125
-156,-968,125
-156,-968,156
-156,-968,125
-156,-968,125
-156,-968,125
-156,-968,125
-156,-968,93
-156,-968,125
-156,-968,125
-156,-968,125
-156,-968,125
-156,-968,93
-156,-968,125
-156,-968,125
-156,-968,125
-156,-968,125
-187,-968,93
-156,-968,125
-156,-968,125
-156,-968,125
-156,-968,125
-156,-968,125
-156,-968,125
-156,-968,125
-156,-968,125
-156,-968,125
-156,-968,125
-156,-968,125
-156,-968,125
-156,-968,125
-156,-968,125
-156,-968,125
-156,-968,125
-156,-968,125
-156,-968,125
-156,-968,125
-156,-968,125
-156,-968,125
-156,-968,93
-156,-968,125
-156,-968,125
-156,-968,125
-156,-968,125
-156,-968,125
-156,-968,125
-156,-968,125
-156,-968,125
-156,-968,93
-156,-968,125
-125,-968,125
-125,-968,93
-156,-937,125
-156,-968,93
-156,-968,93
-156,-1000,62
-156,-968,93
-156,-1000,62
-125,-1000,93
-125,-1000,93
-125,-1000,93
-125,-1000,93
-93,-968,93
-125,-968,125
-125,-968,125
-125,-968,93
-156,-1000,125
-156,-968,125
-156,-968,93
-156,-968,93
-156,-1000,93
-156,-1000,93
-156,-968,125
-156,-1000,93
-156,-968,125
-156,-968,93
-156,-968,125
-156,-968,93
-156,-968,93
-187,-968,62
-156,-968,62
-125,-968,93
-125,-968,62
-125,-968,93
-125,-1000,93
-125,-1000,93
-156,-937,62
-156,-968,62
-125,-937,93
-125,-937,93
-125,-968,62
-93,-1000,62
-125,-1000,62
-93,-1000,62
-93,-1000,62
-125,-1000,31
-93,-1000,31
-125,-1000,31
-125,-1000,31
-93,-1000,31
-125,-1000,31
-125,-1000,31
-125,-1000,31
-125,-1000,31
-125,-1000,31
-125,-1000,31
-125,-1000,31
-125,-1000,62
-125,-1000,31
-125,-1000,31
-125,-1000,31
-125,-1000,31
-125,-1000,31
-125,-1000,31
-125,-1000,31
-125,-1000,31
-125,-1000,62
-125,-1000,31
-125,-1000,31
-125,-1000,31
-125,-1000,31
-125,-1000,31
-125,-1000,31
-125,-1000,31
-93,-1000,31
-125,-1000,31
-125,-1000,31
-125,-1000,31
-125,-1000,31
-125,-1000,31
-125,-1000,31
-125,-1000,31
-125,-1000,31
-125,-1000,31
-125,-1000,31
-125,-1000,31
-125,-1000,31
-125,-1000,31
-125,-1000,31
-125,-1000,31
-125,-1000,31
-125,-1000,31
-125,-1000,31
-125,-1000,31
-125,-1000,31
-125,-1000,31
-125,-1000,31
-125,-1000,31
-125,-1000,31
-125,-1000,31
-125,-1000,31
-125,-968,31
-125,-1000,31
-125,-1000,31
-125,-1000,31
-125,-1000,62
-125,-1000,62
-125,-1000,31
-125,-1000,31
-125,-1000,62
-125,-1000,31
-125,-1000,31
-125,-1000,31
-125,-1000,31
-125,-1000,31
-125,-1000,31
-125,-1000,31
-125,-968,31
-125,-1000,62
-125,-1000,31
-125,-1000,31
-125,-1000,62
-125,-1000,31
-125,-1000,62
-125,-1000,62
-125,-968,62
-125,-1000,93
-125,-968,93
-125,-1000,93
-125,-968,62
-125,-937,93
-93,-937,93
-62,-968,93
-62,-1000,93
-93,-1000,62
-125,-968,31
-125,-1000,62
-93,-1000,31
-93,-1000,31
-93,-1000,62
-125,-1000,62
-125,-1000,62
-93,-1000,62
-62,-1000,62
-125,-1000,62
-93,-1000,62
-93,-1000,31
-93,-1000,62
-93,-1000,62
-93,-1000,31
-125,-1000,31
-125,-1000,31
-93,-1000,31
-62,-1000,62
-62,-1000,31
-125,-1000,31
-125,-968,31
-125,-1000,31
-62,-1000,62
-62,-1000,62
-93,-1000,31
-125,-1000,31
-93,-1000,31
-93,-1000,62
-93,-1000,31
-93,-1000,31
-62,-1000,62
-93,-1000,31
-93,-1000,31
-62,-1000,31
-62,-1000,31
-93,-1000,31
-93,-1000,31
-125,-1000,31
-125,-1000,62
-125,-968,62
-125,-1000,31
-62,-1000,62
-62,-968,31
-93,-1000,31
-62,-1000,62
-62,-1000,31
-125,-1000,31
-187,-1000,0
-125,-1000,31
-31,-1000,31
-62,-1000,62
-93,-1000,62
-125,-1000,31
-93,-1000,0
-62,-1000,31
-31,-1031,31
-93,-1000,31
-156,-968,31
-125,-1000,62
-31,-1000,31
-62,-1000,31
-125,-1000,31
-93,-1000,31
-93,-1000,31
-125,-968,31
-125,-968,31
-62,-1000,62
-62,-1000,62
-93,-1000,31
-125,-1000,31
-93,-1000,0
-93,-968,31
-125,-1000,31
-93,-1000,31
-62,-1000,62
-62,-1000,31
-93,-1000,31
-125,-1000,31
-156,-1000,31
-125,-1000,31
-125,-1000,31
-125,-1000,31
-156,-1000,31
-156,-1000,31
-156,-968,31
-156,-1000,31
-156,-968,31
-156,-1000,31
-156,-1000,31
-156,-1000,31
-156,-1000,31
-187,-1000,31
-187,-1000,31
-187,-968,31
-187,-968,31
-156,-968,31
-156,-1000,31
-156,-1000,31
-156,-968,31
-156,-1000,31
-156,-1000,31
-156,-1000,31
-156,-1000,31
-156,-1000,31
-187,-968,0
-187,-968,62
-125,-968,62
-125,-1000,62
-187,-1000,62
-187,-968,62
-125,-1000,62
-125,-1000,62
-156,-1000,31
-125,-968,31
-125,-968,31
-187,-1031,0
-187,-1000,0
-187,-1000,0
-187,-968,0
-187,-1000,0
-187,-1000,0
-187,-968,-31
-218,-1000,-31
-218,-1000,-31
-156,-1000,0
-156,-1031,0
-156,-1000,0
-187,-1000,-31
-218,-968,-62
-218,-1000,-62
-218,-1000,-62
-281,-968,-93
-250,-1000,-93
-250,-1000,-93
-250,-968,-125
-250,-968,-93
-250,-968,-125
-250,-1000,-125
-250,-1031,-93
-218,-1000,-93
-187,-1000,-125
-187,-1000,-62
-187,-1000,-93
-218,-1031,-93
-187,-1000,-125
-156,-1000,-62
-156,-1000,0
-156,-1000,0
-187,-1000,-31
-218,-1031,-31
-187,-968,0
-187,-1000,0
-187,-1000,0
-156,-968,31
-156,-968,31
-156,-1000,31
-156,-968,31
-187,-1000,62
-187,-1000,31
-156,-1000,62
-156,-1031,31
-187,-1031,62
-125,-1000,31
-125,-937,31
-156,-937,31
-187,-968,62
-187,-1000,62
-156,-968,62
-156,-968,62
-156,-968,62
-156,-1000,62
-156,-968,62
-156,-1000,62
-156,-1000,62
-156,-1000,62
-156,-1000,62
-125,-1000,62
-156,-1000,62
-125,-1000,62
-125,-968,62
-125,-968,62
-125,-1000,62
-125,-968,62
-125,-968,62
-125,-1000,62
-125,-1000,62
-125,-1000,31
-125,-968,62
-125,-1000,62
-125,-968,62
-125,-968,62
-156,-968,62
-156,-968,62
-156,-968,62
-156,-968,62
-156,-968,62
-156,-1000,62
-156,-1000,62
-156,-968,62
-156,-1000,62
-156,-1000,62
-156,-1000,62
-156,-968,62
-156,-968,62
-156,-1000,62
-156,-968,62
-156,-1000,62
-156,-968,62
-156,-968,62
-156,-968,62
-156,-968,62
-156,-1000,62
-156,-968,62
-125,-968,62
-156,-1000,62
-156,-1000,62
-156,-1000,62
-156,-968,31
-125,-1000,62
-156,-1000,62
-156,-968,62
-156,-1000,62
-156,-1000,62
-156,-1000,62
-156,-968,31
-156,-968,62
-156,-1000,62
-125,-1000,62
-125,-1000,62
-125,-1000,31
-156,-968,62
-125,-1000,62
-156,-1000,62
-156,-1000,31
-125,-1000,31
-156,-1000,31
-156,-1000,62
-156,-1000,62
-125,-1000,62
-125,-1000,62
-125,-1000,62
-93,-1000,62
-93,-1000,62
-93,-1000,62
-93,-968,62
-93,-1000,93
-125,-1000,125
-125,-968,125
-93,-968,156
-93,-968,125
-93,-937,125
-93,-937,93
-125,-906,125
-156,-937,156
-156,-968,156
-156,-968,156
-156,-937,125
-125,-937,156
-156,-937,156
-125,-937,125
-156,-968,125
-156,-937,125
-156,-937,125
-156,-937,125
-156,-968,125
-156,-968,125
-156,-968,156
-156,-968,125
-156,-968,125
-156,-968,125
-156,-968,125
-156,-968,93
-156,-968,125
-156,-968,125
-156,-968,125
-156,-968,125
-156,-968,125
-156,-968,125
-156,-968,125
-156,-968,125
-156,-968,125
-156,-968,125
-156,-968,125
-156,-937,125
-156,-968,125
-156,-968,125
-156,-968,125
-156,-968,125
-156,-968,125
-156,-968,125
-156,-968,125
-125,-968,125
-156,-968,125
-125,-968,125
-125,-968,125
-156,-968,125
-125,-968,125
-125,-968,125
-125,-968,125
-125,-968,125
-125,-968,125
-125,-968,125
-156,-968,125
-125,-968,125
-125,-968,125
-125,-968,125
-156,-968,125
-125,-968,125
-125,-968,125
-125,-968,125
-156,-968,125
-125,-968,93
-156,-968,125
-125,-968,125
-125,-968,125
-156,-968,125
-125,-968,125
-156,-968,125
-125,-968,125
-125,-968,125
-125,-968,125
-156,-968,125
-156,-968,125
-156,-968,125
-156,-968,125
-156,-968,125
-125,-968,125
-125,-968,93
-156,-968,125
-125,-968,125
-125,-968,125
-156,-968,125
-156,-968,125
-156,-968,125
-125,-968,93
-156,-968,125
-156,-968,125
-125,-968,125
-156,-968,125
-156,-968,125
-156,-968,125
-156,-968,125
-156,-968,125
-156,-968,125
-156,-968,125
-156,-968,125
-156,-968,125
-156,-968,125
-156,-968,93
-156,-968,125
-156,-968,125
-156,-968,125
-156,-968,125
-156,-968,125
-125,-968,93
-156,-968,125
-156,-968,125
-156,-968,125
-156,-968,93
-125,-968,125
-156,-968,125
-156,-968,93
-156,-968,125
-125,-968,125
-156,-968,125
-156,-968,125
-156,-968,125
-156,-968,125
-125,-968,125
-156,-968,125
-156,-968,125
-156,-968,125
-125,-968,125
-156,-968,125
-156,-968,125
-156,-968,125
-125,-968,125
-156,-968,125
-156,-968,125
-156,-968,125
-156,-968,125
-156,-968,125
-156,-968,125
-156,-968,125
-125,-968,125
-125,-968,125
-125,-968,125
-125,-968,125
-156,-968,125
-156,-968,125
-156,-968,125
-156,-968,93
-125,-968,125
-156,-968,125
-125,-968,125
-156,-968,125
-156,-968,125
-125,-968,125
-156,-968,125
-156,-968,125
-156,-968,125
-125,-968,125
-125,-968,125
-125,-968,125
-156,-968,125
-156,-968,125
-125,-968,125
-156,-968,125
-156,-968,125
-125,-968,125
-125,-968,93
-125,-968,125
-156,-968,125
-125,-968,125
-156,-968,125
-156,-968,125
-156,-968,125
-156,-968,125
-156,-968,125
-156,-937,125
-156,-968,125
-156,-968,125
-156,-968,93
-156,-968,125
-156,-968,125
-156,-968,93
-156,-968,125
-156,-968,125
-156,-968,93
-156,-968,125
-156,-968,125
-156,-968,125
-156,-968,93
-156,-968,93
-156,-968,125
-156,-968,125
-156,-968,125
-156,-968,125
-156,-968,125
-156,-968,125
-187,-968,125
-156,-968,125
-156,-968,93
-156,-968,125
-156,-968,93
-156,-968,93
-156,-968,93
-156,-968,125
-156,-968,93
-156,-968,93
-156,-968,125
-156,-968,93
-156,-968,93
-156,-968,93
-156,-968,93
-156,-968,93
-156,-968,93
-156,-968,93
-156,-968,93
-156,-968,93
-156,-968,93
-156,-968,93
-156,-968,125
-156,-968,93
-156,-968,93
-156,-968,93
-156,-968,93
-156,-968,93
-156,-968,93
-156,-968,93
-156,-968,93
-156,-968,93
-156,-968,93
-156,-968,93
-156,-968,93
-156,-968,93
-156,-968,93
-156,-968,93
-156,-968,93
-156,-968,93
-156,-968,93
-156,-968,93
-156,-968,93
-156,-968,93
-156,-968,93
-156,-968,93
-156,-968,93
-156,-968,93
-156,-968,93
-156,-968,93
-156,-968,93
-125,-968,93
-156,-968,93
-156,-968,93
-125,-968,93
-125,-968,93
-125,-968,93
-125,-968,125
-125,-968,93
-125,-968,93
-125,-968,125
-125,-968,93
-125,-968,93
-125,-968,125
-125,-968,125
-125,-968,125
-125,-968,125
-125,-968,93
-125,-968,93
-125,-968,125
-125,-968,125
-125,-968,125
-125,-968,125
-125,-968,125
-125,-968,93
-125,-968,125
-125,-968,125
-125,-968,125
-125,-968,125
-125,-968,125
-125,-968,93
-125,-968,93
-125,-968,125
-125,-968,125
-125,-968,125
-125,-968,125
-125,-968,93
-125,-968,93
-125,-968,125
-125,-968,125
-125,-968,93
-125,-968,93
-125,-968,93
-125,-968,93
-125,-968,93
-125,-968,125
-125,-968,93
-125,-968,125
-125,-968,125
-125,-968,93
-125,-968,125
-125,-968,125
-125,-968,125
-125,-968,93
-125,-968,93
-125,-968,125
-125,-968,125
-125,-968,125
-125,-968,125
-125,-968,125
-125,-968,125
-125,-968,125
-125,-968,93
-125,-968,93
-125,-968,93
-125,-968,125
-125,-968,93
-125,-968,93
-125,-968,125
-125,-968,93
-125,-968,125
-125,-968,93
-125,-968,125
-125,-968,93
-125,-968,125
-125,-968,125
-125,-968,93
-125,-968,125
-125,-968,93
-125,-968,93
-125,-968,93
-125,-968,93
-125,-968,93
-125,-968,93
-125,-968,93
-125,-968,93
-125,-968,93
-125,-968,125
-125,-968,93
-125,-968,93
-125,-968,125
-125,-968,125
-125,-968,93
-156,-968,93
-125,-968,93
-125,-968,93
-125,-968,93
-125,-968,93
-125,-968,93
-125,-968,93
-125,-968,93
-125,-968,93
-156,-968,93
-125,-968,93
-125,-968,93
-125,-968,125
-156,-968,93
-156,-968,93
-125,-968,93
-125,-968,93
-125,-968,93
-125,-968,93
-156,-968,93
-125,-968,93
-125,-968,125
-125,-968,93
-125,-968,93
-156,-968,93
-125,-968,93
-125,-968,93
-156,-968,93
-156,-968,93
-125,-968,93
-156,-968,93
-156,-968,93
-125,-968,93
-156,-968,93
-156,-968,93
-125,-968,93
-156,-968,93
-125,-968,93
-125,-968,93
-156,-968,93
-156,-968,93
-125,-968,93
-156,-968,93
-156,-968,93
-125,-968,93
-156,-968,93
-156,-968,93
-156,-968,93
-156,-968,62
-125,-968,93
-156,-968,93
-125,-968,93
-156,-968,93
-125,-968,93
-125,-968,93
-125,-968,93
-156,-968,93
-156,-968,93
-125,-968,93
-125,-968,93
-125,-968,93
-125,-968,93
-125,-968,93
-125,-968,93
-156,-968,93
-156,-968,93
-125,-968,93
-125,-968,62
-125,-968,93
-125,-968,93
